Umur,Jenis_Kelamin,Tinggi_cm,Berat_kg,Status_Gizi
12,1,127.83836120160522,25.96243354947417,Gizi Kurang
9,1,152.93394537195317,25.468348537457224,Gizi Kurang
16,1,149.78802040639218,13.762117644507342,Gizi Kurang
13,0,111.61181022044055,27.79329950318087,Normal (Ideal)
10,1,135.7533649814712,40.143232582106,Normal (Ideal)
12,1,126.76958988188858,41.56187822940878,Gizi Lebih (Overweight)
15,1,134.13592145502162,42.018995596284505,Normal (Ideal)
8,0,129.9435264943061,32.22081187332619,Normal (Ideal)
12,1,139.303694438879,39.816965159785106,Normal (Ideal)
16,0,135.0512789729979,43.97244609241453,Normal (Ideal)
16,0,134.73288959268743,27.319644504988467,Gizi Kurang
13,0,156.6108264250807,41.2332907439054,Gizi Kurang
10,0,148.35767991003874,46.564812118350915,Normal (Ideal)
9,0,129.4415802454935,35.09227870177119,Normal (Ideal)
13,0,131.6667990077987,50.62234330349603,Gizi Lebih (Overweight)
13,1,147.3768958309942,35.3256565617503,Gizi Kurang
8,0,147.35629357554149,31.39939144876925,Gizi Kurang
11,1,130.94329641406895,45.56841178552921,Gizi Lebih (Overweight)
10,1,136.49013999646752,60.332937694664565,Gizi Lebih (Overweight)
7,0,167.70209060130452,40.85353618887809,Gizi Kurang
13,1,131.20177867217984,46.3490780411372,Gizi Lebih (Overweight)
17,1,168.66206882688178,34.91282778902156,Gizi Kurang
11,1,156.55500413788707,27.583837802039724,Gizi Kurang
7,1,165.88124412583198,41.66265645900734,Gizi Kurang
17,0,130.56392041895856,43.24399971787911,Gizi Lebih (Overweight)
10,1,137.4716618890586,36.420889096188375,Normal (Ideal)
6,0,133.26254286836655,46.31056518021506,Gizi Lebih (Overweight)
17,1,156.90129787889305,33.4591999018568,Gizi Kurang
15,1,131.48474340991865,30.979137341482577,Gizi Kurang
11,0,150.9682324001431,50.60642930486165,Normal (Ideal)
17,1,150.1744911678806,50.6534762654163,Normal (Ideal)
14,1,139.27955703928734,33.656568941643215,Gizi Kurang
6,1,159.47989601246502,57.188504904048216,Normal (Ideal)
16,0,141.61519804589906,37.12893307469751,Normal (Ideal)
16,1,152.51128577912453,40.84782864643959,Gizi Kurang
15,0,132.57944946623326,39.153474581515724,Normal (Ideal)
17,1,129.14844778839762,45.237602174456796,Gizi Lebih (Overweight)
17,0,150.9671829388641,42.71421493800943,Normal (Ideal)
8,0,146.4626036650062,42.57962161581658,Normal (Ideal)
17,1,143.6496149619255,29.804383682801138,Gizi Kurang
12,1,134.84467478093325,23.114376832103154,Gizi Kurang
9,0,163.23814214789456,51.421600282528615,Normal (Ideal)
14,0,123.2512129361923,34.545540010602565,Normal (Ideal)
8,1,122.42985485403543,39.50966626566522,Gizi Lebih (Overweight)
10,0,154.13249757745743,43.26798909889781,Gizi Kurang
8,1,152.90144576214604,56.29009603349268,Normal (Ideal)
12,1,145.30644168487802,41.61357924642508,Normal (Ideal)
10,1,135.6807166714579,36.05202437075903,Normal (Ideal)
14,1,147.53633193785618,34.764556187131426,Gizi Kurang
12,0,165.812454456793,39.62643158758061,Gizi Kurang
7,1,177.73319311811338,30.90635230359387,Gizi Kurang
9,0,115.15379441787266,40.2887572314901,Gizi Lebih (Overweight)
14,1,133.7161982112718,39.47980311541986,Normal (Ideal)
17,0,132.7734010552274,56.41526948644152,Gizi Lebih (Overweight)
7,1,164.39779207549523,39.16398861409079,Gizi Kurang
15,0,102.78057520152197,20.7551183895115,Normal (Ideal)
14,0,147.7075278959832,66.73510970396478,Gizi Lebih (Overweight)
15,1,136.1478453737145,49.56833731156097,Gizi Lebih (Overweight)
10,1,164.57169124321462,60.823487440955844,Normal (Ideal)
7,1,162.5155826000669,28.426800130155158,Gizi Kurang
9,1,145.4826010224004,37.78173218743708,Gizi Kurang
17,0,116.30415393932304,46.74401241494319,Gizi Lebih (Overweight)
17,1,131.391657764973,45.36391372284459,Gizi Lebih (Overweight)
12,0,133.03413385079392,43.06937707359552,Normal (Ideal)
17,0,120.10317808319803,18.003892814994458,Gizi Kurang
13,1,157.31876422789054,22.875605424356863,Gizi Kurang
8,0,118.19860254088391,55.17520109063872,Gizi Lebih (Overweight)
6,0,169.47991262680569,56.953295328696896,Normal (Ideal)
9,0,169.44233951068188,38.933487085636045,Gizi Kurang
7,0,134.22409607210741,53.90427474406382,Gizi Lebih (Overweight)
13,1,144.92743055194725,29.76772233856702,Gizi Kurang
9,1,138.91574782894364,32.055739465313195,Gizi Kurang
7,1,153.52737200542535,28.977196781368505,Gizi Kurang
11,1,159.12016007847137,31.50080454311354,Gizi Kurang
11,0,143.869954881801,47.22696009522619,Normal (Ideal)
15,0,147.03675064671594,31.376476269365554,Gizi Kurang
9,1,130.69093604090725,62.39743039927865,Gizi Lebih (Overweight)
11,1,146.55070950335508,44.60070606347438,Normal (Ideal)
7,1,142.44143118385972,50.845270464950886,Gizi Lebih (Overweight)
15,0,126.32308266872965,44.89940582800073,Gizi Lebih (Overweight)
17,1,139.78944335985332,52.14269650459279,Gizi Lebih (Overweight)
7,1,134.2522622302089,31.320000004614528,Gizi Kurang
15,1,130.85756627272912,54.46933538199557,Gizi Lebih (Overweight)
9,0,122.80263188600648,41.40938885591437,Gizi Lebih (Overweight)
13,0,140.93754099874215,52.09266110968739,Gizi Lebih (Overweight)
12,0,128.29288990511984,25.604359466238158,Gizi Kurang
17,0,132.93337741545952,41.80583206608363,Normal (Ideal)
14,0,156.12686412825934,41.45238716781665,Gizi Kurang
13,0,149.48174151902566,33.80763535020559,Gizi Kurang
10,0,125.3185002820812,43.13118829747264,Gizi Lebih (Overweight)
7,0,145.27836601859653,55.396068480015145,Gizi Lebih (Overweight)
10,1,141.9917104739623,33.03847641036879,Gizi Kurang
13,1,165.5254431280019,49.61854356204938,Gizi Kurang
15,0,160.74717501308413,28.72576943853492,Gizi Kurang
14,0,116.99376911435246,61.09444594642459,Gizi Lebih (Overweight)
17,1,152.91691503437903,47.846003184367085,Normal (Ideal)
17,0,158.97795877435547,57.25117332258572,Normal (Ideal)
17,0,148.39038813092498,46.720605190937675,Normal (Ideal)
14,0,134.96881784458714,43.906131777293616,Normal (Ideal)
6,1,176.20090872675706,47.92932940485918,Gizi Kurang
14,1,149.77113921390534,38.63552536645828,Gizi Kurang
12,1,169.64816410592343,23.82166094441678,Gizi Kurang
14,1,160.27217644210262,44.47399346466793,Gizi Kurang
13,1,146.96201990334956,32.44496665400246,Gizi Kurang
6,0,131.30448632789557,28.983380846205975,Gizi Kurang
17,1,139.6384268277125,46.3629316843861,Normal (Ideal)
13,0,136.6713132080967,37.20891525100306,Normal (Ideal)
13,0,121.78221566526095,50.277044066056895,Gizi Lebih (Overweight)
16,1,149.75422362439554,32.110592312409295,Gizi Kurang
8,1,163.51029502939113,35.29171023486174,Gizi Kurang
6,0,135.5254475817283,51.50296026301393,Gizi Lebih (Overweight)
13,0,172.45484748837106,42.79842660997608,Gizi Kurang
8,0,116.636258212074,25.2267195909386,Normal (Ideal)
8,1,155.81545322580806,42.57760882860111,Gizi Kurang
6,1,165.07280353108115,54.812385485888036,Normal (Ideal)
16,1,136.9395412852841,35.214225553785326,Normal (Ideal)
10,1,137.2091524228568,45.98057696452909,Normal (Ideal)
15,1,155.64147763766601,31.50613084844095,Gizi Kurang
12,0,147.58986664939303,38.63216725030571,Gizi Kurang
15,1,110.0388298481074,50.89835536450433,Gizi Lebih (Overweight)
14,0,127.34940268190928,42.192316677549734,Gizi Lebih (Overweight)
17,0,139.7967567792881,52.89269862715636,Gizi Lebih (Overweight)
12,0,119.454527304724,44.25302404227862,Gizi Lebih (Overweight)
14,1,132.88738525355146,62.18739677200842,Gizi Lebih (Overweight)
13,1,119.82971862134099,24.35086630780731,Gizi Kurang
17,1,134.44744054169914,37.82806649939035,Normal (Ideal)
7,0,134.9506590901826,29.154662067079485,Gizi Kurang
6,0,145.2763201489057,29.837508255417507,Gizi Kurang
12,0,138.6236101400075,29.928163061939603,Gizi Kurang
12,0,147.54184581561134,41.6772582205122,Normal (Ideal)
13,0,145.75316011210882,42.263009348218674,Normal (Ideal)
10,0,155.47009991396465,44.27455924995116,Gizi Kurang
8,1,153.10674561440175,28.769394398554482,Gizi Kurang
17,1,151.52185752702076,36.7577518100171,Gizi Kurang
13,1,186.57301142700084,30.357053602436316,Gizi Kurang
11,1,145.21103954963493,49.358815562717155,Normal (Ideal)
16,0,178.9035725578829,31.297324498190264,Gizi Kurang
8,0,146.183276033659,37.86287848004118,Gizi Kurang
6,1,138.75723627791163,45.60306441323106,Normal (Ideal)
8,0,134.40252226680204,33.843713255024355,Normal (Ideal)
10,1,162.64588697672644,46.93878444980654,Gizi Kurang
8,1,164.60755089331906,55.960797355331486,Normal (Ideal)
6,1,148.99675783947094,41.897117287255256,Normal (Ideal)
10,0,157.00320161754058,49.01610914568407,Normal (Ideal)
15,1,120.84169301115375,19.265791110636172,Gizi Kurang
12,1,116.76830266231683,35.709480731521495,Gizi Lebih (Overweight)
12,1,158.6949032869618,41.84900816928977,Gizi Kurang
16,0,138.09782753145467,29.470349215996933,Gizi Kurang
14,0,151.23953626096255,42.07649335404092,Gizi Kurang
15,1,129.24068075065884,50.59940556059151,Gizi Lebih (Overweight)
15,0,164.85482704557162,21.20439371989978,Gizi Kurang
17,0,116.89371992166446,28.109271341961524,Normal (Ideal)
8,0,119.21622370275966,41.84813270764185,Gizi Lebih (Overweight)
12,0,161.66467375568516,44.60419729440048,Gizi Kurang
6,0,100.85237310525649,47.38080374909651,Gizi Lebih (Overweight)
9,0,145.67853302142373,41.10889478887768,Normal (Ideal)
9,0,138.39011006605136,44.61512405015809,Normal (Ideal)
10,0,128.96072121199956,49.03480708540681,Gizi Lebih (Overweight)
12,0,137.00090227114447,35.85541898229674,Normal (Ideal)
12,0,127.28714760365284,33.91413913993579,Normal (Ideal)
16,1,163.13383919072749,38.314933690651316,Gizi Kurang
9,1,167.06745632542413,41.99487942277413,Gizi Kurang
12,0,129.71393619817482,33.41726556798682,Normal (Ideal)
16,1,144.13287316202798,36.06242683526788,Gizi Kurang
8,1,120.12385293595929,43.97701770507296,Gizi Lebih (Overweight)
11,0,156.0957823850469,41.577507810297156,Gizi Kurang
17,0,155.70513761964972,38.146628771842416,Gizi Kurang
7,0,135.57106650938465,22.589306899373508,Gizi Kurang
15,1,140.25327587629843,39.9649200799146,Normal (Ideal)
14,1,138.59351825715993,30.29996032490957,Gizi Kurang
10,0,115.72313249479586,49.830827052059,Gizi Lebih (Overweight)
11,0,163.1900622140019,36.912788467214924,Gizi Kurang
17,0,128.49570141676355,30.0376794377748,Gizi Kurang
17,1,128.5977609161312,39.384567261199514,Normal (Ideal)
17,1,137.74370218307251,52.70699585092191,Gizi Lebih (Overweight)
17,1,154.93322878043418,46.30815849144619,Normal (Ideal)
9,1,131.13045177361954,42.19917150605934,Normal (Ideal)
16,0,110.71722167894833,26.739049409531436,Normal (Ideal)
15,0,126.69502908905699,56.216000997663215,Gizi Lebih (Overweight)
12,0,146.36210628618485,33.78372825964097,Gizi Kurang
17,0,172.8462543171378,49.33783912872343,Gizi Kurang
14,1,121.10120050440267,36.74637121648585,Gizi Lebih (Overweight)
12,1,120.55247348778757,48.37507872483239,Gizi Lebih (Overweight)
6,0,117.31106748741776,53.06874095875274,Gizi Lebih (Overweight)
6,0,115.44912513050988,46.48137269907534,Gizi Lebih (Overweight)
14,1,158.08537190122146,47.558549597599395,Normal (Ideal)
16,0,162.4203286304657,39.01561013844368,Gizi Kurang
14,1,142.66633840370605,35.660338579271894,Gizi Kurang
9,0,132.98430841788715,41.3829868978581,Normal (Ideal)
14,0,166.8671568029394,36.60085494230783,Gizi Kurang
8,0,142.60862062484756,64.67203710812493,Gizi Lebih (Overweight)
12,0,156.34155064040652,30.076417135094864,Gizi Kurang
11,0,132.25326587417277,50.02085216590409,Gizi Lebih (Overweight)
13,0,140.6636578133566,45.171968345390134,Normal (Ideal)
16,0,121.4398753182943,42.298722081239376,Gizi Lebih (Overweight)
14,1,149.43873457840377,54.798860999138405,Normal (Ideal)
10,1,142.86406626159973,42.98377452601179,Normal (Ideal)
6,1,126.58155151379324,33.65093080257585,Normal (Ideal)
8,1,126.78339275710307,42.917303772534076,Gizi Lebih (Overweight)
15,1,164.23937755008114,38.16821731094771,Gizi Kurang
17,0,169.57503125692725,45.03284668816649,Gizi Kurang
13,0,136.80296994999017,48.130736316294985,Gizi Lebih (Overweight)
16,1,141.01630359143243,31.409120576359307,Gizi Kurang
11,0,146.00171711972325,51.95336118002815,Normal (Ideal)
13,1,142.2204763723953,37.45100155131541,Normal (Ideal)
14,1,114.88553419192054,44.43613922682179,Gizi Lebih (Overweight)
9,0,146.4180601578558,46.17030170320696,Normal (Ideal)
6,0,108.68166448099086,43.6738869063063,Gizi Lebih (Overweight)
6,0,129.00973713113572,38.90891482347431,Normal (Ideal)
15,1,147.58140719937228,35.11402418007336,Gizi Kurang
9,0,148.99991311887257,37.310054926966586,Gizi Kurang
17,1,127.84890373685765,55.65171932528877,Gizi Lebih (Overweight)
12,1,133.12344589719623,31.34133562870941,Gizi Kurang
7,1,131.0924523650232,32.80756662037034,Normal (Ideal)
8,0,138.45733755295896,32.368511768562854,Gizi Kurang
6,0,139.59808480046505,41.35753879917665,Normal (Ideal)
10,1,150.02702194293667,24.75294550012194,Gizi Kurang
6,0,132.24654705665324,26.46440143865607,Gizi Kurang
13,0,145.60094287870334,37.39045167040742,Gizi Kurang
6,0,147.60523646730786,27.122245547017624,Gizi Kurang
16,1,142.97434066057798,27.937286907171984,Gizi Kurang
6,1,136.10591266325787,27.197315906370605,Gizi Kurang
7,0,142.70968196413162,31.533882908666712,Gizi Kurang
7,1,151.27610410090364,47.312465066704064,Normal (Ideal)
17,0,152.5877730157447,49.55707956121083,Normal (Ideal)
11,0,167.2305902724036,59.19000893218606,Normal (Ideal)
12,0,125.14960645540607,58.82361858513478,Gizi Lebih (Overweight)
10,0,133.39988913506897,47.86312709880447,Gizi Lebih (Overweight)
6,1,115.79797009597397,50.27677674801032,Gizi Lebih (Overweight)
6,1,153.96514196491782,41.311020906859184,Gizi Kurang
8,1,134.9823874046488,45.19864852012269,Normal (Ideal)
7,0,143.09286473043989,59.43603048183171,Gizi Lebih (Overweight)
10,0,130.9349214583004,43.712128680568306,Gizi Lebih (Overweight)
17,0,135.0994400753326,51.5323857854524,Gizi Lebih (Overweight)
15,1,158.34785158139988,30.65648391421489,Gizi Kurang
11,0,150.41350115728974,33.33761275741772,Gizi Kurang
12,1,138.3271691351158,43.12069597794967,Normal (Ideal)
9,1,151.51720879214596,41.49931670063391,Gizi Kurang
12,1,151.8485012005681,33.80065812595104,Gizi Kurang
16,1,134.12861724969898,64.07377583931219,Gizi Lebih (Overweight)
13,1,117.96380659045687,41.725941039148665,Gizi Lebih (Overweight)
16,1,126.5125755949694,35.57274947815338,Normal (Ideal)
6,0,119.89207094926225,41.5161882736063,Gizi Lebih (Overweight)
11,0,157.4665196898936,40.254267026116345,Gizi Kurang
13,1,160.07172824671522,41.878025478910885,Gizi Kurang
10,1,163.79560820238524,24.06282984648967,Gizi Kurang
9,0,109.70666676534248,52.919466965668654,Gizi Lebih (Overweight)
7,1,156.0710136556058,53.4882942043915,Normal (Ideal)
11,1,173.18286964077026,54.70320772036486,Gizi Kurang
11,0,156.67981570715966,43.254317585362976,Gizi Kurang
16,1,107.73155573193995,46.62481060164516,Gizi Lebih (Overweight)
6,1,166.52447462595157,31.3377305199275,Gizi Kurang
14,1,140.6253355569791,48.328993285973894,Normal (Ideal)
17,0,136.51401340249294,42.51787706893939,Normal (Ideal)
16,0,146.76642944874467,35.39593384360758,Gizi Kurang
11,0,124.2648961614427,48.647446916408406,Gizi Lebih (Overweight)
8,1,140.0417355638237,49.034490360911,Gizi Lebih (Overweight)
9,1,164.3064446765611,40.60608835674933,Gizi Kurang
17,0,149.3359530578493,44.38382580128403,Normal (Ideal)
16,1,140.87602208154001,29.682829880664393,Gizi Kurang
9,1,141.34412239891412,52.431834372143584,Gizi Lebih (Overweight)
8,1,122.27909025051798,31.011868119650984,Normal (Ideal)
15,1,137.75018162900412,32.94574351920824,Gizi Kurang
8,1,115.48556996555348,40.62315645430537,Gizi Lebih (Overweight)
8,0,155.33661428590716,51.1451628421846,Normal (Ideal)
9,1,107.21434276286986,51.13948633215661,Gizi Lebih (Overweight)
12,0,152.82350569431065,39.9517537809487,Gizi Kurang
9,1,154.6911635125109,47.73013362253811,Normal (Ideal)
14,0,159.7814692359079,23.109415506711038,Gizi Kurang
6,1,141.30288744742705,32.80680009870447,Gizi Kurang
13,0,153.74942699236294,33.010495605363985,Gizi Kurang
12,1,137.60380039452176,52.522129097598174,Gizi Lebih (Overweight)
7,0,122.199543234681,46.546541629080075,Gizi Lebih (Overweight)
13,1,162.96098588806993,41.846527759046005,Gizi Kurang
6,0,138.5467125557739,42.81735063829374,Normal (Ideal)
16,1,118.85733023790209,55.683392760301246,Gizi Lebih (Overweight)
17,0,132.99777581315328,38.298203334934485,Normal (Ideal)
14,0,133.59012976147744,26.859326914659604,Gizi Kurang
14,1,146.92545377186318,50.87195184395304,Normal (Ideal)
7,1,175.20571225059098,41.81839037205061,Gizi Kurang
12,0,147.83627919923848,49.53671678165781,Normal (Ideal)
15,1,143.1026577799479,39.552351926134925,Normal (Ideal)
8,0,176.83664299343832,31.61310476296107,Gizi Kurang
12,0,154.6834030986909,44.028217210829766,Gizi Kurang
17,0,143.81373806202393,40.101750707414304,Normal (Ideal)
15,1,132.80882211772857,41.84942282874409,Normal (Ideal)
14,0,144.74300114306843,56.16570494117416,Gizi Lebih (Overweight)
9,0,139.00414393860297,29.012975226152996,Gizi Kurang
17,1,141.37151191338495,42.85918660475983,Normal (Ideal)
6,1,159.7160363715421,31.810033098413232,Gizi Kurang
7,1,131.89516725293768,14.09454026879942,Gizi Kurang
6,1,147.7031106224527,39.51034810977776,Gizi Kurang
17,0,154.2340998475639,40.31022936999807,Gizi Kurang
10,0,130.06831224763386,46.235221029507585,Gizi Lebih (Overweight)
10,0,127.66067876766348,37.824592514160564,Normal (Ideal)
16,0,137.74487116128645,25.10999644876028,Gizi Kurang
12,1,133.07555614615308,31.77568422745137,Gizi Kurang
14,0,157.28498913112256,53.16958836686704,Normal (Ideal)
14,0,124.97347582153017,31.633720707093687,Normal (Ideal)
8,1,141.02707052793005,55.83225529692506,Gizi Lebih (Overweight)
8,0,178.1907250010671,50.499842925713835,Gizi Kurang
8,0,146.19584800679274,36.8221939566393,Gizi Kurang
9,0,148.68935216457328,32.70920836897301,Gizi Kurang
13,0,157.41023743545688,50.479129691305786,Normal (Ideal)
11,0,133.0557640186196,37.5908875490638,Normal (Ideal)
13,0,123.77870556881894,24.543498603000415,Gizi Kurang
6,1,142.64766914244117,45.62316620623258,Normal (Ideal)
13,1,143.98105742522807,44.17263447858186,Normal (Ideal)
9,0,115.72683807930258,51.37706202714778,Gizi Lebih (Overweight)
16,0,145.62607872024168,43.49594999360297,Normal (Ideal)
6,1,156.0477574805156,34.50853022954283,Gizi Kurang
13,0,126.30577890463987,52.69678839602134,Gizi Lebih (Overweight)
9,0,146.5333377256222,53.66990432678843,Normal (Ideal)
11,0,153.383954905552,42.332059639852076,Gizi Kurang
13,1,148.8001731279512,40.603219145329724,Gizi Kurang
9,0,150.21509358112337,26.76728976894895,Gizi Kurang
8,1,136.3279963729055,33.92473657653524,Gizi Kurang
14,0,123.08743493389106,47.60769641959354,Gizi Lebih (Overweight)
8,1,133.2928030642413,34.42719699637299,Normal (Ideal)
14,1,131.20914347194062,25.431621306066774,Gizi Kurang
7,0,138.7961143068868,74.958777896001,Gizi Lebih (Overweight)
7,1,156.39906358189896,25.365940415733114,Gizi Kurang
7,0,120.32239807753747,62.567513964341174,Gizi Lebih (Overweight)
11,1,142.16375034226087,36.9257655540174,Gizi Kurang
8,0,124.0489753172322,39.15437000856192,Gizi Lebih (Overweight)
14,0,128.89929623265843,33.27721727812401,Normal (Ideal)
9,1,148.38111128917762,47.82837164737892,Normal (Ideal)
6,0,122.15082419951452,25.60225786889916,Gizi Kurang
9,0,151.01366434554467,21.59670963765828,Gizi Kurang
6,1,119.71753330062913,56.101715293786064,Gizi Lebih (Overweight)
10,0,150.0047060515724,31.960276011930222,Gizi Kurang
9,0,116.75703095632232,47.460881195396844,Gizi Lebih (Overweight)
13,1,130.73280981115076,29.14543923103784,Gizi Kurang
13,1,168.44741574694342,47.08421042894582,Gizi Kurang
12,0,165.6281955465033,56.835464987784505,Normal (Ideal)
8,0,133.81213021224283,34.72878614584884,Normal (Ideal)
6,1,145.84940879044854,20.66558893214019,Gizi Kurang
6,1,158.06102028327325,56.88793913309905,Normal (Ideal)
17,0,150.21944261630708,49.262443215248915,Normal (Ideal)
16,1,135.89803630317763,35.26428766228692,Normal (Ideal)
8,0,128.770470289455,37.82047946731354,Normal (Ideal)
11,0,153.02154714436895,28.89347803750314,Gizi Kurang
12,0,156.96054962921752,54.2025693244196,Normal (Ideal)
11,0,165.7355275159158,34.65284392189355,Gizi Kurang
11,0,114.69125864820393,25.812914624525263,Normal (Ideal)
11,1,121.20312817698422,42.13645881512471,Gizi Lebih (Overweight)
8,1,157.4288540322062,31.399866384214604,Gizi Kurang
11,1,116.72704179874735,29.699854241368918,Normal (Ideal)
13,1,158.578249323679,35.69900796238055,Gizi Kurang
16,0,136.77601241021912,40.86355315500371,Normal (Ideal)
16,0,132.18629270994973,26.18890244085253,Gizi Kurang
7,0,143.08142894407203,53.85148925212324,Gizi Lebih (Overweight)
10,0,119.81947321646751,46.77159712065787,Gizi Lebih (Overweight)
6,1,152.36022245897527,36.346370092272686,Gizi Kurang
17,0,165.34455496542046,30.96656513703002,Gizi Kurang
6,0,153.05864323721363,39.10774547083336,Gizi Kurang
10,1,136.30236961168788,48.99435040755722,Gizi Lebih (Overweight)
17,1,116.9294643835184,47.44584027199679,Gizi Lebih (Overweight)
8,1,117.506188156956,50.58504300451178,Gizi Lebih (Overweight)
9,1,120.05535046641039,35.19622509019678,Normal (Ideal)
8,0,139.81582584331525,10.75074820803323,Gizi Kurang
6,0,141.70100094908906,52.47811197916247,Gizi Lebih (Overweight)
6,1,153.02665266111492,38.32803856927648,Gizi Kurang
17,0,113.05956520275387,46.66166065471662,Gizi Lebih (Overweight)
17,0,159.668153455886,56.69228754640302,Normal (Ideal)
10,0,150.41609478418056,64.34408633237682,Gizi Lebih (Overweight)
11,1,135.097455604068,33.50178521859179,Gizi Kurang
8,0,122.1535768740185,41.339599071656444,Gizi Lebih (Overweight)
17,1,158.73710962536677,53.66836460605445,Normal (Ideal)
14,0,135.49859058143923,31.557209814770044,Gizi Kurang
10,0,139.69971650983356,34.17888406209572,Gizi Kurang
13,0,145.75417956181897,34.11961421541125,Gizi Kurang
6,1,126.30201641327584,39.71909686591978,Normal (Ideal)
10,0,135.76729131462127,37.7987631971003,Normal (Ideal)
8,1,152.9797535303057,34.062046777436755,Gizi Kurang
17,1,151.46144117744413,30.342425843937406,Gizi Kurang
6,1,151.59660810042857,48.11940328395292,Normal (Ideal)
9,0,122.67230373289352,53.37831020966117,Gizi Lebih (Overweight)
10,0,136.4512947390629,54.82714794172415,Gizi Lebih (Overweight)
12,0,134.05409247428292,35.189264426155155,Normal (Ideal)
6,0,146.37768263412053,48.537246722572775,Normal (Ideal)
8,1,145.03486984473346,42.363259027277756,Normal (Ideal)
7,1,142.33140996114406,34.29328651386675,Gizi Kurang
14,1,176.98600933129893,47.34218218708196,Gizi Kurang
15,0,135.63790879783943,33.83394945954503,Gizi Kurang
11,1,133.88265370897184,36.23823397218312,Normal (Ideal)
15,0,122.64875494495917,26.2327029749637,Gizi Kurang
8,1,116.93229011106695,35.35778902566774,Gizi Lebih (Overweight)
13,0,121.69523934176337,42.53861209014585,Gizi Lebih (Overweight)
13,0,129.2197711183508,55.68934495677496,Gizi Lebih (Overweight)
7,1,159.65109641656778,36.46504553798313,Gizi Kurang
11,1,140.58745856542788,29.618308529130662,Gizi Kurang
12,1,142.899960004291,54.97368970934125,Gizi Lebih (Overweight)
7,1,138.55590037696854,34.95447562915783,Gizi Kurang
16,0,145.47951489532682,22.51618343859135,Gizi Kurang
15,1,161.03108220826766,41.330937351367844,Gizi Kurang
7,1,110.09103745597946,36.75226526720825,Gizi Lebih (Overweight)
15,1,158.2750597337807,63.003956426851715,Gizi Lebih (Overweight)
6,0,102.27442321197489,44.75366034347212,Gizi Lebih (Overweight)
13,0,140.4230406728289,38.53657646345164,Normal (Ideal)
6,1,172.87861032116624,30.755027907443967,Gizi Kurang
14,0,150.20986909297315,43.301668411929676,Normal (Ideal)
16,1,145.59588402980955,54.56709950061794,Gizi Lebih (Overweight)
11,0,170.0291895020446,43.11814183477261,Gizi Kurang
12,0,129.45405652998284,31.52570307882054,Normal (Ideal)
15,0,146.50951133697572,45.38806211751954,Normal (Ideal)
12,0,148.6717564621084,39.51393105127185,Gizi Kurang
15,1,132.16396798659463,44.48613103318162,Gizi Lebih (Overweight)
8,1,133.4883473075603,36.451926498157796,Normal (Ideal)
7,1,131.84330850164991,36.21704725738788,Normal (Ideal)
14,0,141.30972461012846,35.8222020256822,Gizi Kurang
13,1,148.2003740865697,49.422381514973615,Normal (Ideal)
17,1,141.84845409371994,36.31774724758908,Gizi Kurang
15,1,150.64192726144782,35.40269268625773,Gizi Kurang
12,0,110.46279071039679,30.579340984376337,Gizi Lebih (Overweight)
14,0,136.72623254385746,44.54013801716768,Normal (Ideal)
9,0,124.64871034474031,43.117018021312184,Gizi Lebih (Overweight)
9,1,144.52583769024346,35.51231775511369,Gizi Kurang
6,1,144.30376143008485,32.90621292442139,Gizi Kurang
13,1,138.26566827563818,58.76173413227712,Gizi Lebih (Overweight)
17,0,147.65418515798106,21.19556944875162,Gizi Kurang
8,0,154.96719077396043,44.93172003201721,Normal (Ideal)
12,1,139.09219216540538,52.91403548216008,Gizi Lebih (Overweight)
17,0,124.22457667850448,6.131862385117003,Gizi Kurang
7,0,116.28113643620779,47.941400600761796,Gizi Lebih (Overweight)
7,0,140.54165262995193,37.79745398503912,Normal (Ideal)
12,0,143.6280005227031,42.56054864283259,Normal (Ideal)
11,1,125.45714165720031,36.7676203547791,Normal (Ideal)
8,0,150.8865023474455,50.75393445646077,Normal (Ideal)
14,0,133.1156467126314,43.63119341671357,Normal (Ideal)
15,0,115.15350702243275,41.31719889534316,Gizi Lebih (Overweight)
11,0,158.84654513517785,31.011393930414073,Gizi Kurang
15,1,157.15981878803245,58.82292233834188,Normal (Ideal)
15,1,109.76600845005353,40.09931019733271,Gizi Lebih (Overweight)
11,0,131.5609957751946,62.89805797460459,Gizi Lebih (Overweight)
6,0,130.97624477878585,59.27569385178195,Gizi Lebih (Overweight)
9,0,164.59232989126255,22.216490327346193,Gizi Kurang
15,0,138.51060934937516,33.4505403919731,Gizi Kurang
11,0,117.56182702916874,29.630489940250584,Normal (Ideal)
11,0,153.23157173361318,39.51793918512938,Gizi Kurang
16,1,121.53836681350879,41.87164020486162,Gizi Lebih (Overweight)
17,0,136.0948926391736,42.29926467893431,Normal (Ideal)
10,1,128.45346683178684,50.54128676018979,Gizi Lebih (Overweight)
6,1,131.5931735258009,54.9358276930887,Gizi Lebih (Overweight)
13,0,154.0588713434591,49.674877492386386,Normal (Ideal)
10,1,162.81995241998249,34.39064785776253,Gizi Kurang
17,1,120.88446880430932,32.1797613489256,Normal (Ideal)
17,1,149.39114638261725,40.02761835883936,Gizi Kurang
17,1,129.00869555465005,44.26119526404661,Gizi Lebih (Overweight)
10,1,129.47492134963886,38.168086542828775,Normal (Ideal)
12,1,147.3595433213407,26.54515163747778,Gizi Kurang
9,0,124.58145851429458,46.820595085768005,Gizi Lebih (Overweight)
11,1,147.05903901162566,36.07685231266097,Gizi Kurang
9,1,150.95170034764604,35.77487265577957,Gizi Kurang
8,1,133.51201607451472,39.45387325941907,Normal (Ideal)
12,0,159.906171530205,37.60101082919839,Gizi Kurang
13,1,120.9076308190774,36.334989444878985,Normal (Ideal)
9,0,160.18109285917507,27.198746930668104,Gizi Kurang
7,1,110.84018855772301,38.877525330483415,Gizi Lebih (Overweight)
17,0,180.49571210629264,47.02953791906868,Gizi Kurang
15,0,133.90696642067252,42.64644005121289,Normal (Ideal)
8,1,122.56539265418573,49.481214391006446,Gizi Lebih (Overweight)
6,1,136.5099213722,32.714549776799934,Gizi Kurang
13,0,124.30283086063358,27.219415208821985,Gizi Kurang
8,1,145.80447948281812,37.541500210220036,Gizi Kurang
17,0,160.5148599720522,33.85763381451303,Gizi Kurang
15,0,125.09815660914984,34.89665016792252,Normal (Ideal)
12,0,148.69098858761004,42.11749718081127,Normal (Ideal)
15,0,117.00896946656361,34.969194608953444,Gizi Lebih (Overweight)
10,0,155.49432099842917,27.499315107936056,Gizi Kurang
15,1,146.24354550391394,34.41005272118002,Gizi Kurang
10,0,156.14274981995482,43.40059366860802,Gizi Kurang
12,0,138.16479646038343,46.714806010069175,Normal (Ideal)
14,1,133.47265103217873,46.61422784083347,Gizi Lebih (Overweight)
17,0,152.24176154085998,44.244730942479094,Normal (Ideal)
10,1,120.37927217662372,38.31906534034756,Gizi Lebih (Overweight)
6,1,113.85763502399638,44.049140989591294,Gizi Lebih (Overweight)
15,1,139.92557023939943,39.57664341801763,Normal (Ideal)
15,0,134.15605089711812,41.13096137820237,Normal (Ideal)
6,0,148.3074999767232,30.6067326213406,Gizi Kurang
7,0,156.37327136470995,40.43874963760715,Gizi Kurang
11,1,147.99521118726707,43.78666234251411,Normal (Ideal)
14,0,155.17854967740118,43.411273134397085,Gizi Kurang
13,1,144.81578499998247,27.124809739407013,Gizi Kurang
10,0,147.41893622481646,40.96260776403383,Normal (Ideal)
6,1,138.25014185251592,25.561104225360864,Gizi Kurang
12,0,146.97568191522774,41.736766461385265,Normal (Ideal)
10,0,142.4997924284527,32.98662808397286,Gizi Kurang
11,0,144.87765194793596,57.05642942525445,Gizi Lebih (Overweight)
12,1,137.49913950369742,41.1924332929589,Normal (Ideal)
8,1,152.13393800706947,48.01164019823923,Normal (Ideal)
17,0,129.34321175247572,61.1087263702428,Gizi Lebih (Overweight)
15,0,139.7247646864384,31.82598188911279,Gizi Kurang
8,1,159.67675850311363,44.356749109059116,Gizi Kurang
10,1,125.76917265618312,28.140889907671536,Gizi Kurang
11,1,107.57231807371053,43.448970082499194,Gizi Lebih (Overweight)
14,0,145.49685749446957,57.657092664504034,Gizi Lebih (Overweight)
17,1,136.1456826446975,33.72116785558211,Gizi Kurang
10,0,155.1629336055776,31.14045686705404,Gizi Kurang
6,1,138.0422738015451,39.08825766481437,Normal (Ideal)
9,0,130.93491392655034,60.458172880882856,Gizi Lebih (Overweight)
10,1,138.8627390627268,47.71038919953255,Normal (Ideal)
17,1,156.39602879919818,30.950853479439893,Gizi Kurang
15,1,148.63054440788562,54.550605824817694,Normal (Ideal)
15,1,103.49146615177949,23.44937007666813,Normal (Ideal)
10,1,142.78651238130158,61.36559128802725,Gizi Lebih (Overweight)
12,0,143.53643198602109,48.56450680015159,Normal (Ideal)
9,1,139.7262505219922,57.635574400067185,Gizi Lebih (Overweight)
6,1,130.83665162647117,23.52201891615965,Gizi Kurang
10,1,157.91797811759668,41.694418308596866,Gizi Kurang
12,0,158.66050922202294,38.66111073434284,Gizi Kurang
15,1,106.95259308761207,29.930205265533587,Gizi Lebih (Overweight)
15,0,128.03060783387832,27.039763797486078,Gizi Kurang
11,1,137.8290402307142,45.07081258759549,Normal (Ideal)
10,1,154.22762305575006,45.97731708113624,Normal (Ideal)
9,0,140.5227931458765,52.999740467257524,Gizi Lebih (Overweight)
7,1,129.74609299752615,34.96578946673169,Normal (Ideal)
9,0,150.64300365961063,38.5839018984419,Gizi Kurang
15,0,136.82995871673512,26.175400750539083,Gizi Kurang
15,1,138.2389871126756,55.40785811994749,Gizi Lebih (Overweight)
8,0,139.59262349893885,40.69548087757243,Normal (Ideal)
15,1,148.61462661257727,47.225885016201055,Normal (Ideal)
6,1,135.37175597489318,47.57905396111012,Gizi Lebih (Overweight)
13,0,150.30419738970832,54.59107157301978,Normal (Ideal)
10,0,138.90396547389392,31.686005327325468,Gizi Kurang
9,0,123.99475120373185,46.975866003471786,Gizi Lebih (Overweight)
13,0,139.44835541456828,39.74991293690959,Normal (Ideal)
12,1,124.77179895282177,61.05677066340631,Gizi Lebih (Overweight)
7,1,140.61480184663912,31.656358210039834,Gizi Kurang
6,0,152.442108938472,51.714263477638724,Normal (Ideal)
17,1,123.89556490996827,43.50341779228397,Gizi Lebih (Overweight)
16,1,145.46410108706658,42.97856094206021,Normal (Ideal)
9,1,127.56443812470188,40.5402072604749,Normal (Ideal)
13,1,143.0255083987482,53.466658228367876,Gizi Lebih (Overweight)
17,0,152.90306363030726,42.63851701073935,Gizi Kurang
7,0,108.05730388834938,24.75584661879023,Normal (Ideal)
8,1,123.28286259692982,52.19503568712245,Gizi Lebih (Overweight)
17,0,134.46530832335117,50.36201832131722,Gizi Lebih (Overweight)
6,0,144.72560733772423,45.87137684212848,Normal (Ideal)
6,0,137.50425005962515,28.715263702524535,Gizi Kurang
8,1,139.31178827028623,30.268846397786795,Gizi Kurang
16,1,170.64476788026883,21.22557114763891,Gizi Kurang
10,1,121.81314081726158,44.603298731798134,Gizi Lebih (Overweight)
17,0,157.03227524544155,26.504511518256304,Gizi Kurang
8,1,134.75032809268376,22.812491071378354,Gizi Kurang
6,1,148.242121887481,52.74989119300044,Normal (Ideal)
6,0,171.934198336184,47.68179564462847,Gizi Kurang
13,1,150.33017035528138,36.66828335169073,Gizi Kurang
15,1,145.58743564685,38.65953416742805,Gizi Kurang
16,0,163.98683502724063,15.926557930160577,Gizi Kurang
17,0,156.87197966889786,49.1674491905922,Normal (Ideal)
17,0,128.00908885757846,33.07268535511316,Normal (Ideal)
7,1,144.41787113680783,43.302908631331405,Normal (Ideal)
8,1,114.2375639878886,15.11437738208516,Gizi Kurang
7,1,131.89769917438622,49.775680321615454,Gizi Lebih (Overweight)
8,0,144.71079451399788,32.47155230614276,Gizi Kurang
12,0,130.96841970828112,26.239577362106456,Gizi Kurang
6,1,144.10050118957886,36.60398365511633,Gizi Kurang
15,1,139.7992307652044,34.03604782064515,Gizi Kurang
13,0,148.04625098592564,50.74267612909866,Normal (Ideal)
15,0,133.63701466957835,35.79604877638373,Normal (Ideal)
15,0,125.8977662834493,53.62617026613368,Gizi Lebih (Overweight)
15,0,162.17190239259892,43.30142615789073,Gizi Kurang
7,1,132.56454885965084,48.94367887212375,Gizi Lebih (Overweight)
8,0,149.90015889675678,39.97833546772114,Gizi Kurang
14,1,161.52870539708803,52.72058982339883,Normal (Ideal)
12,1,142.44004998496297,28.463760097173243,Gizi Kurang
9,1,127.15540145835276,41.13624457494327,Gizi Lebih (Overweight)
15,0,137.32085038178982,36.03564170568585,Normal (Ideal)
10,0,155.2631137491013,53.96628479507312,Normal (Ideal)
7,0,143.09371318606793,54.99034404659426,Gizi Lebih (Overweight)
16,0,121.92287311693585,40.00421259237118,Gizi Lebih (Overweight)
13,1,148.94965750300568,27.08488898904195,Gizi Kurang
9,0,151.542972035765,44.27097316791668,Normal (Ideal)
14,0,134.670321708231,23.353902649662334,Gizi Kurang
10,1,149.1536656340712,56.26142798783111,Gizi Lebih (Overweight)
14,0,143.675278931907,35.268299293639615,Gizi Kurang
9,1,137.03855692036942,39.69429836582505,Normal (Ideal)
15,1,120.59696384609505,33.19048924193246,Normal (Ideal)
10,1,156.16930842658635,30.982184132991794,Gizi Kurang
14,1,151.3881649987975,47.37291316547052,Normal (Ideal)
13,1,148.75829441562968,38.413833229486784,Gizi Kurang
8,1,163.1678900551714,40.42482538923175,Gizi Kurang
6,1,154.17790590520391,29.961089207811607,Gizi Kurang
8,1,150.29849009227343,48.5605922349704,Normal (Ideal)
9,0,106.80158977959753,49.57789735136867,Gizi Lebih (Overweight)
7,0,157.95342427703622,37.91071513120423,Gizi Kurang
6,0,141.24620771423076,52.67922133331887,Gizi Lebih (Overweight)
12,0,144.68737520385707,38.958758457754776,Normal (Ideal)
13,1,144.7899978454008,47.797554962888206,Normal (Ideal)
12,0,151.6074911546342,23.770724191699024,Gizi Kurang
10,1,156.83262543202528,43.53430866486412,Gizi Kurang
17,0,149.51361714588833,37.285185323930655,Gizi Kurang
6,0,147.12928383979838,41.55522425954996,Normal (Ideal)
12,0,143.47269108943357,41.10682405655826,Normal (Ideal)
12,1,89.72584224642983,41.25699822176984,Gizi Lebih (Overweight)
14,0,135.68613470824718,46.15700729362553,Gizi Lebih (Overweight)
8,1,125.87615723974032,34.34826368394021,Normal (Ideal)
14,1,158.16109308408627,45.690792595356434,Gizi Kurang
6,0,149.28555797429442,52.32524883117907,Normal (Ideal)
6,0,133.127945191794,25.898589950196765,Gizi Kurang
9,0,134.63424226596135,32.19459901770674,Gizi Kurang
14,1,134.0902795504637,32.61464574498814,Gizi Kurang
11,0,133.8226076852162,29.079542005490406,Gizi Kurang
16,1,118.33163834712803,35.25302230362941,Gizi Lebih (Overweight)
8,1,115.08080760083348,50.331185153998405,Gizi Lebih (Overweight)
6,0,140.43570158572615,54.47586924512429,Gizi Lebih (Overweight)
9,0,156.1297120903903,41.06174969746502,Gizi Kurang
17,1,131.93465453858207,36.757639891518,Normal (Ideal)
14,1,144.55167126386067,48.029239690806605,Normal (Ideal)
8,1,151.01391375765087,16.3603150574782,Gizi Kurang
17,0,125.09932691624215,29.44821527896842,Normal (Ideal)
14,1,139.70036856920146,16.783695933000846,Gizi Kurang
12,0,130.00219278089727,29.34300282644558,Gizi Kurang
17,1,164.0917923774694,32.32982473098,Gizi Kurang
9,1,163.43689260293172,54.77681877937678,Normal (Ideal)
8,0,125.11485740187725,12.389380338440105,Gizi Kurang
15,1,145.7882657462649,35.83297399765666,Gizi Kurang
10,0,156.01398951218735,46.19566472178107,Normal (Ideal)
10,0,152.72494250564495,44.107306632690936,Normal (Ideal)
8,1,141.22344552476548,54.61738133534894,Gizi Lebih (Overweight)
17,0,159.5983619264652,41.61051478596588,Gizi Kurang
14,0,126.4322796651585,43.74278180481145,Gizi Lebih (Overweight)
9,1,135.4536058340796,21.614931681974497,Gizi Kurang
16,0,126.83536370360638,30.11731141823191,Normal (Ideal)
10,0,151.7374024205093,22.172952565519765,Gizi Kurang
9,0,131.26044688550823,45.726081079141,Gizi Lebih (Overweight)
10,1,137.43126236844373,43.486904517572455,Normal (Ideal)
12,0,149.26505552398623,43.13537967283516,Normal (Ideal)
14,1,150.47374870666724,31.185663915419255,Gizi Kurang
12,1,126.39310480617124,30.270502206833346,Normal (Ideal)
10,0,155.84982925659187,42.09446932296417,Gizi Kurang
15,0,146.83534503000877,33.30613947228865,Gizi Kurang
15,0,123.77445740629398,29.79595436167763,Normal (Ideal)
12,1,120.08426156365081,34.91610628741932,Normal (Ideal)
15,0,139.76270434606897,33.39257963964692,Gizi Kurang
10,0,152.75140983975214,31.332770253715466,Gizi Kurang
8,0,153.1357379360147,27.74232183242398,Gizi Kurang
12,0,145.34250315837264,44.48689768338907,Normal (Ideal)
16,0,140.7301225749024,55.56049439477057,Gizi Lebih (Overweight)
16,1,147.67606503618507,39.60995799381346,Gizi Kurang
7,1,127.17004228416113,42.22434136969928,Gizi Lebih (Overweight)
17,0,165.30481794538088,45.363778526017036,Gizi Kurang
14,0,165.1090762718378,43.66565757193122,Gizi Kurang
15,0,146.43218471931047,31.530876716830207,Gizi Kurang
15,0,142.95950629989278,57.19846211102585,Gizi Lebih (Overweight)
17,1,133.82868541010944,32.42689486322039,Gizi Kurang
6,0,147.93123268699492,46.48088364660409,Normal (Ideal)
11,1,129.63023943474835,45.30191307342912,Gizi Lebih (Overweight)
12,1,106.64581953506703,20.415584578653622,Gizi Kurang
13,0,99.28839049263371,36.411535830870804,Gizi Lebih (Overweight)
15,1,128.0075250025477,40.566284518121705,Normal (Ideal)
14,1,142.34567184377417,41.33151211424286,Normal (Ideal)
7,1,144.97957600930224,43.01420515516767,Normal (Ideal)
16,1,132.69864487236072,47.57662872939976,Gizi Lebih (Overweight)
15,0,142.12752750714355,39.92484635729222,Normal (Ideal)
7,0,135.88657464418205,43.54617568017944,Normal (Ideal)
10,1,125.01030863524794,39.55045413227617,Gizi Lebih (Overweight)
10,0,139.19383236546312,29.826663432452264,Gizi Kurang
11,0,152.19435668548473,40.32401441369674,Gizi Kurang
8,0,125.68907378380517,47.49089844253069,Gizi Lebih (Overweight)
13,0,125.69593080470453,51.087883824753646,Gizi Lebih (Overweight)
6,0,123.96124109071764,45.37315657544204,Gizi Lebih (Overweight)
11,1,110.95221898237827,53.34350325949299,Gizi Lebih (Overweight)
9,0,132.79696438779473,44.188647474089805,Gizi Lebih (Overweight)
6,0,150.71129169428798,48.63879821668837,Normal (Ideal)
12,0,142.60874125750644,49.37391149279786,Normal (Ideal)
14,0,137.4612367391554,37.76649459116264,Normal (Ideal)
9,1,141.93597197360253,47.260034325676685,Normal (Ideal)
9,1,132.66527768856264,30.59355102359086,Gizi Kurang
11,1,110.78170044104792,43.498123425488636,Gizi Lebih (Overweight)
17,1,151.75578172721848,45.77025826668453,Normal (Ideal)
8,0,156.06686860676976,50.5109512069933,Normal (Ideal)
17,1,129.0776483589832,48.20759303981306,Gizi Lebih (Overweight)
11,0,137.73746569090167,50.641141833347135,Gizi Lebih (Overweight)
12,0,136.4450124340976,39.00619669873577,Normal (Ideal)
16,0,145.26933214136812,36.546068453299526,Gizi Kurang
15,0,165.34840184939435,37.25101242114384,Gizi Kurang
15,0,157.39686867933958,42.6628373044863,Gizi Kurang
8,1,134.34628661879157,21.912529843577477,Gizi Kurang
12,1,148.13695792250354,53.31756970394554,Normal (Ideal)
8,1,158.8153530285907,40.43873359828975,Gizi Kurang
7,1,146.12517746592167,35.84998417664881,Gizi Kurang
17,0,139.92950893339741,14.702837893945393,Gizi Kurang
15,1,146.69000142000777,39.63186493821718,Gizi Kurang
9,0,129.4509271615479,38.01523484924245,Normal (Ideal)
17,1,131.6407831384388,31.02953569354745,Gizi Kurang
13,0,124.03948647198354,33.26953154872988,Normal (Ideal)
14,0,144.60596774855364,39.733633555548366,Normal (Ideal)
12,1,138.02895640966642,34.11763540412317,Gizi Kurang
6,0,127.65322907977881,45.718780661783555,Gizi Lebih (Overweight)
8,0,137.53730882569243,32.512164113559834,Gizi Kurang
17,1,147.04997391144755,41.54608429520778,Normal (Ideal)
14,0,168.7206845899699,51.8004536881117,Gizi Kurang
17,1,155.18101797055786,39.63404137437448,Gizi Kurang
6,1,105.7377821377649,43.55977123959745,Gizi Lebih (Overweight)
14,1,143.58962700230518,42.926513874005984,Normal (Ideal)
13,0,161.43986394069282,40.07996899617266,Gizi Kurang
6,0,119.93189763184651,39.329928580564896,Gizi Lebih (Overweight)
11,0,148.27338905318635,34.28625778550088,Gizi Kurang
10,1,136.4503672170343,41.51012290557819,Normal (Ideal)
11,0,157.25435796374242,37.16732491160533,Gizi Kurang
15,1,146.06385792520177,55.46090168234707,Gizi Lebih (Overweight)
17,1,126.73976818161191,48.11143259109912,Gizi Lebih (Overweight)
10,0,136.9872278256407,25.47204104111654,Gizi Kurang
11,1,137.87456485928564,26.028420017819226,Gizi Kurang
10,0,138.15232677784925,38.695401309606346,Normal (Ideal)
16,0,156.78894417162894,36.046945225602535,Gizi Kurang
17,0,127.36070117914655,38.16806081778075,Normal (Ideal)
10,0,155.04576964491775,46.51161460652313,Normal (Ideal)
9,0,135.4662548611772,43.15735898877357,Normal (Ideal)
8,1,143.35266659493746,43.05629230458155,Normal (Ideal)
8,1,141.08566379421552,54.461946654953934,Gizi Lebih (Overweight)
9,1,139.67291992877247,26.111084458269207,Gizi Kurang
14,0,139.79595748332017,41.039388341488994,Normal (Ideal)
7,0,161.8603783740653,34.20947452052746,Gizi Kurang
14,0,152.63674887359218,54.35435785839352,Normal (Ideal)
6,1,134.55926465630105,17.906483941766563,Gizi Kurang
6,0,163.74180881183136,18.345184142869986,Gizi Kurang
10,1,144.1202161098928,43.046362963480505,Normal (Ideal)
11,1,145.36436388985842,51.26296559324147,Normal (Ideal)
11,0,127.44021381002912,47.7325432131705,Gizi Lebih (Overweight)
8,0,132.5375201239229,31.990192066822914,Gizi Kurang
12,1,129.67244738109235,55.0642172200158,Gizi Lebih (Overweight)
14,0,141.29109297490513,27.685312514057916,Gizi Kurang
16,1,149.58174619172314,53.07484189543345,Normal (Ideal)
17,0,145.5084844913332,29.007717496418564,Gizi Kurang
15,0,163.82066234104371,36.48175827662778,Gizi Kurang
13,1,126.68362992183147,46.39269537856917,Gizi Lebih (Overweight)
11,0,141.72303565308323,25.33792169103835,Gizi Kurang
17,1,120.75591006052558,54.69023397540767,Gizi Lebih (Overweight)
13,0,126.17193542595106,36.420561685986854,Normal (Ideal)
17,1,158.96867566007694,41.372761356782895,Gizi Kurang
10,1,133.052527002928,51.622007890407524,Gizi Lebih (Overweight)
13,0,127.94954305909593,32.0687465483285,Normal (Ideal)
15,1,108.0503468662558,50.60813686255389,Gizi Lebih (Overweight)
17,0,127.79968028316624,56.4053357089237,Gizi Lebih (Overweight)
9,0,136.92079588707531,33.44421002670421,Gizi Kurang
15,0,119.63895560320684,53.693876725962944,Gizi Lebih (Overweight)
13,1,136.05824916526296,22.39421405758397,Gizi Kurang
15,1,159.05946590987335,43.89600394794567,Gizi Kurang
17,0,129.390419895075,27.714014842961916,Gizi Kurang
7,0,125.84925425945096,49.42568548536189,Gizi Lebih (Overweight)
17,1,123.1414779970236,48.604560484222034,Gizi Lebih (Overweight)
17,0,122.87353861226299,60.77379995591244,Gizi Lebih (Overweight)
10,0,148.03366170332643,54.21282982952499,Normal (Ideal)
14,1,140.73003105324577,38.34228802398545,Normal (Ideal)
9,0,154.3528531891336,29.182525127011594,Gizi Kurang
16,1,170.29756837481384,45.6568707966939,Gizi Kurang
11,0,112.54413302136278,39.39268589614507,Gizi Lebih (Overweight)
6,1,145.7011806266266,55.51155044595704,Gizi Lebih (Overweight)
14,0,123.2207099834966,18.336191565842217,Gizi Kurang
6,0,151.83348947050177,61.88056759288627,Gizi Lebih (Overweight)
10,1,135.92131998389846,45.31990607611804,Normal (Ideal)
9,0,140.4098414129626,31.869878782796278,Gizi Kurang
17,1,120.75233858105288,47.33989227418566,Gizi Lebih (Overweight)
8,0,133.60359462330248,52.97421421289704,Gizi Lebih (Overweight)
11,1,141.34493376662388,41.143468913036884,Normal (Ideal)
7,1,160.3411722021006,22.35079615855157,Gizi Kurang
8,1,128.08159208887167,37.06152963652894,Normal (Ideal)
10,1,131.7396264270453,50.39395053042138,Gizi Lebih (Overweight)
14,0,154.1643446327342,44.966647342273745,Normal (Ideal)
7,0,127.10989574451034,38.434929691646275,Normal (Ideal)
15,1,157.13577715961188,53.083158308914356,Normal (Ideal)
13,1,139.86370137910617,47.393058408322965,Normal (Ideal)
7,1,144.54684442387764,48.16339155938344,Normal (Ideal)
16,0,145.51283453764057,35.89365308019199,Gizi Kurang
10,0,130.75669169890088,34.926163182539014,Normal (Ideal)
12,0,145.84830229208592,23.000402793169787,Gizi Kurang
13,0,128.4144532352855,37.406082440627436,Normal (Ideal)
6,1,132.4684549385168,49.35392053798128,Gizi Lebih (Overweight)
11,1,148.38036449049912,37.95906702984413,Gizi Kurang
6,1,144.40090933462855,44.45538846529005,Normal (Ideal)
7,0,138.87552573741428,51.1119935665328,Gizi Lebih (Overweight)
6,0,121.11902526105484,43.72832991798632,Gizi Lebih (Overweight)
16,0,124.86262565975555,44.70514761760802,Gizi Lebih (Overweight)
10,1,144.15063565857477,26.421775379624457,Gizi Kurang
15,1,150.98210845227675,36.77435215898023,Gizi Kurang
14,0,123.35531743218864,57.26626506496595,Gizi Lebih (Overweight)
11,1,127.40262128821749,41.03797181096093,Gizi Lebih (Overweight)
16,0,142.0127776126658,58.96738181996575,Gizi Lebih (Overweight)
16,0,141.6918179394364,32.76884369361053,Gizi Kurang
6,1,115.64064186858438,42.339474521345394,Gizi Lebih (Overweight)
6,0,142.42344520159983,36.173215624481315,Gizi Kurang
7,1,131.02448284654673,45.91984685124553,Gizi Lebih (Overweight)
14,0,164.61569944593438,48.95008668060121,Gizi Kurang
8,1,143.73797814103483,46.024660957009004,Normal (Ideal)
6,1,146.32210174813855,50.41852143748029,Normal (Ideal)
10,1,146.71038953285915,39.868270114776735,Normal (Ideal)
12,0,121.79108929021153,38.09471632336322,Gizi Lebih (Overweight)
11,0,169.15815339662905,22.418069927240282,Gizi Kurang
17,1,115.6563312882324,46.38450935164565,Gizi Lebih (Overweight)
6,1,151.93554712549613,41.721840922401576,Gizi Kurang
10,0,149.27995906220974,39.320852624374666,Gizi Kurang
10,0,132.8449643013056,38.09182594545655,Normal (Ideal)
11,0,149.99675475070083,39.631204386562096,Gizi Kurang
8,1,135.23640201764394,37.63763868502083,Normal (Ideal)
10,0,129.86807832716332,34.719661614366956,Normal (Ideal)
12,0,147.0433875402939,42.39588880724169,Normal (Ideal)
10,1,124.90158513368146,44.84159118932953,Gizi Lebih (Overweight)
10,0,136.63617261863646,32.29432085613819,Gizi Kurang
10,0,131.08734876905064,35.99264430812609,Normal (Ideal)
15,0,134.96030735640582,37.95378248735132,Normal (Ideal)
15,1,146.49092898695275,40.04813307376785,Normal (Ideal)
8,1,131.0845044148069,38.718145304142325,Normal (Ideal)
6,1,137.11514130391453,46.59721199656394,Normal (Ideal)
10,1,132.45282122147628,23.476329842961906,Gizi Kurang
14,1,161.6599499836182,25.24962801659883,Gizi Kurang
6,1,145.13918597320836,41.935693992535775,Normal (Ideal)
8,1,143.3010444945008,33.97314152172211,Gizi Kurang
9,0,150.25127756935137,48.84242305773811,Normal (Ideal)
6,0,131.0879813483767,51.6980095258855,Gizi Lebih (Overweight)
6,1,152.8888583749976,42.3374717642291,Gizi Kurang
13,0,145.1926661874911,29.280250837258208,Gizi Kurang
7,0,116.58663645868901,50.545935162270595,Gizi Lebih (Overweight)
17,1,118.57953750348852,41.98902662150327,Gizi Lebih (Overweight)
13,0,131.41554420823903,25.130640274728826,Gizi Kurang
12,0,120.18490256202244,26.014803519348156,Gizi Kurang
15,0,136.42582308950625,55.16946789708645,Gizi Lebih (Overweight)
15,0,124.79393012876204,53.5113591326123,Gizi Lebih (Overweight)
7,0,138.53415420393623,14.828568579037551,Gizi Kurang
11,1,161.17564063897183,26.422091047421233,Gizi Kurang
11,1,139.25934644665722,51.40855495621655,Gizi Lebih (Overweight)
8,1,135.45553317647108,39.81507411606952,Normal (Ideal)
16,0,145.82363971678015,47.01849285492093,Normal (Ideal)
7,1,129.55370310616095,39.38047253901903,Normal (Ideal)
17,0,152.65121464094,46.54492490071203,Normal (Ideal)
6,0,147.42819429686168,40.058335466654334,Gizi Kurang
11,0,140.58298343072846,35.62391743243034,Gizi Kurang
17,0,142.3147374745038,50.58743829914809,Normal (Ideal)
10,1,170.62618865844277,42.02054616025646,Gizi Kurang
16,1,154.13468315401803,46.52388716243566,Normal (Ideal)
14,0,172.99289946742002,41.57447924960766,Gizi Kurang
6,1,147.9804528993868,35.13643106450187,Gizi Kurang
12,0,117.92462835993967,56.083893113571925,Gizi Lebih (Overweight)
10,1,136.06739445704238,43.54968254757666,Normal (Ideal)
10,1,114.496926881779,36.44951355627848,Gizi Lebih (Overweight)
7,0,147.92454552000376,52.78329470318716,Normal (Ideal)
16,1,151.18106296018104,26.79176226121043,Gizi Kurang
8,0,126.71126006061081,62.36283650795986,Gizi Lebih (Overweight)
12,1,130.1654543052972,38.208502423365715,Normal (Ideal)
11,0,142.23126344352823,27.319857926166236,Gizi Kurang
17,0,122.02843905103673,59.05941348457565,Gizi Lebih (Overweight)
7,1,120.902603461362,35.36832386927209,Normal (Ideal)
11,1,158.5794807206168,42.43244569855627,Gizi Kurang
7,0,141.72065927245953,47.176907414394634,Normal (Ideal)
7,1,131.62835963441066,51.84172527660145,Gizi Lebih (Overweight)
7,1,114.6182166716417,42.997745637215644,Gizi Lebih (Overweight)
16,0,152.78527035341708,33.52684591669963,Gizi Kurang
8,0,129.73222681674545,42.18992523333993,Gizi Lebih (Overweight)
7,1,167.91026668805807,35.80684454668279,Gizi Kurang
9,0,152.88965146540167,42.49011676364524,Gizi Kurang
14,0,127.87787218389096,56.28149545756858,Gizi Lebih (Overweight)
11,0,129.26792454302793,47.55925191643794,Gizi Lebih (Overweight)
6,1,165.82776744416498,42.06646438098339,Gizi Kurang
13,1,138.73610829748242,47.3849083260634,Normal (Ideal)
17,0,132.30033157514944,48.100806519091854,Gizi Lebih (Overweight)
12,1,140.41582532714855,29.221258970312746,Gizi Kurang
15,0,132.23131024919314,40.41722711215698,Normal (Ideal)
8,1,143.61572715662248,65.62527659332517,Gizi Lebih (Overweight)
6,0,138.86264567722606,52.12820985031866,Gizi Lebih (Overweight)
10,0,153.13261970767263,34.965644408388,Gizi Kurang
9,1,134.1713884514131,33.96792103882378,Normal (Ideal)
15,0,126.72775449965529,33.634742768243974,Normal (Ideal)
13,1,134.7652295506462,48.66319950262057,Gizi Lebih (Overweight)
6,1,134.6737415266393,56.07640921116217,Gizi Lebih (Overweight)
15,0,138.8369927720901,45.82167044480058,Normal (Ideal)
6,0,149.51810432085836,41.57162349868818,Normal (Ideal)
17,1,148.6986345120788,35.55844642367229,Gizi Kurang
9,0,157.9948801378785,43.29373145583527,Gizi Kurang
13,0,127.82765483399713,31.798782799037905,Normal (Ideal)
10,0,145.83080184576664,20.642344527887616,Gizi Kurang
7,0,150.90979770531072,56.36825690112449,Normal (Ideal)
11,0,129.88669390532203,29.94187329637891,Gizi Kurang
10,1,136.88553420526432,36.751676263306805,Normal (Ideal)
7,1,113.75033188671804,46.56357450629291,Gizi Lebih (Overweight)
16,0,153.602865426886,54.344668693460534,Normal (Ideal)
16,0,136.76752696520197,42.57130652418621,Normal (Ideal)
16,0,152.098462650215,28.062890123391718,Gizi Kurang
8,1,143.09074276819268,36.98653550308449,Gizi Kurang
14,0,137.2225215653769,33.21514594974921,Gizi Kurang
12,1,116.10795800971272,39.61788972528679,Gizi Lebih (Overweight)
12,1,118.7757108392534,52.31984471269636,Gizi Lebih (Overweight)
16,1,101.10280723487386,14.626114039301157,Gizi Kurang
11,0,131.56079775757016,35.88610169972509,Normal (Ideal)
13,1,174.17373054771872,35.15950363612982,Gizi Kurang
9,0,120.68078915723001,27.432386551043603,Normal (Ideal)
13,1,100.52852174870141,45.85490743749616,Gizi Lebih (Overweight)
9,0,154.440033793783,25.85024128123952,Gizi Kurang
13,1,175.4557680394505,27.00105720703675,Gizi Kurang
14,0,144.46881597889706,48.51069214020614,Normal (Ideal)
8,1,144.3309859207994,55.00571368962669,Gizi Lebih (Overweight)
8,0,135.35176889534372,39.23903231388041,Normal (Ideal)
16,0,113.0861415423491,27.82603881010734,Normal (Ideal)
7,0,118.23932123384785,32.9444590822175,Normal (Ideal)
15,0,135.24870005902224,50.08001947245045,Gizi Lebih (Overweight)
8,1,132.37316989955386,41.16438240663393,Normal (Ideal)
8,1,138.27240608345087,38.98961223118077,Normal (Ideal)
10,0,152.4398723589224,43.13049709913146,Normal (Ideal)
10,1,131.2724325212447,39.623400564745594,Normal (Ideal)
7,0,152.74575134606917,55.457122976592174,Normal (Ideal)
17,0,131.37065435145846,32.50856735306399,Normal (Ideal)
15,1,155.57359389298637,31.360408831647867,Gizi Kurang
11,0,141.29551350610134,26.165464819313442,Gizi Kurang
10,0,133.4625448861773,34.6001236427431,Normal (Ideal)
11,1,141.03941090823335,29.080245253338454,Gizi Kurang
6,0,135.5969173676365,42.180755086527235,Normal (Ideal)
10,0,141.69701356519957,40.209473655251436,Normal (Ideal)
14,0,151.37159297776208,29.209244999320237,Gizi Kurang
17,0,138.69176602376524,45.891393590279726,Normal (Ideal)
15,1,134.45646720719327,55.16812867129874,Gizi Lebih (Overweight)
7,1,123.14725692633756,43.57838348671024,Gizi Lebih (Overweight)
6,1,148.68767028937572,14.565018170445263,Gizi Kurang
15,0,145.22408339604087,59.871309706701055,Gizi Lebih (Overweight)
16,0,122.27085723608718,47.46923469071059,Gizi Lebih (Overweight)
14,1,152.5324141688114,59.56418253188451,Gizi Lebih (Overweight)
15,0,122.02723951096496,50.90723586149834,Gizi Lebih (Overweight)
14,0,155.4383268685084,52.90515418870559,Normal (Ideal)
14,0,150.31794990780526,42.052668936010846,Normal (Ideal)
11,0,146.29498283897104,37.37703987810167,Gizi Kurang
13,1,134.34507261249445,43.734811877321604,Normal (Ideal)
16,1,148.63669673999678,32.9121491975346,Gizi Kurang
6,1,156.1455799286177,44.33880850900232,Gizi Kurang
15,0,148.8852788166226,13.732137426492894,Gizi Kurang
9,1,129.94624967410644,40.42932245214413,Normal (Ideal)
6,1,144.01110473533197,53.44676120102133,Gizi Lebih (Overweight)
13,0,156.98052479442555,40.943085789289654,Gizi Kurang
6,0,172.98647270835056,57.27482738030988,Normal (Ideal)
8,1,136.92180538251205,37.36254612151395,Normal (Ideal)
9,1,152.86824659197146,50.02650912987828,Normal (Ideal)
13,1,157.0172078012648,31.21729926326634,Gizi Kurang
11,1,127.81392501515354,49.61956619555379,Gizi Lebih (Overweight)
15,0,166.73117477092222,42.325949082278164,Gizi Kurang
17,1,124.02222973874831,37.80249504157271,Normal (Ideal)
12,1,152.13478272549463,14.261178849355801,Gizi Kurang
13,0,144.579796693206,37.4562322419445,Gizi Kurang
7,1,140.8336333999724,42.1345301927981,Normal (Ideal)
15,0,178.20249922172965,48.287094352199176,Gizi Kurang
16,0,135.481171470098,55.609497990990675,Gizi Lebih (Overweight)
13,0,135.2398161090709,60.35032701365911,Gizi Lebih (Overweight)
8,1,159.97218211096694,52.462673431229845,Normal (Ideal)
12,1,151.42705667130176,34.379096746958055,Gizi Kurang
8,0,159.23148381437832,36.951959104822606,Gizi Kurang
12,1,141.7530407351167,47.389154710436834,Normal (Ideal)
16,1,144.75413925518245,45.196144598478014,Normal (Ideal)
17,0,168.51403419491862,56.28345959391362,Normal (Ideal)
7,0,127.46068880628955,64.79389418709911,Gizi Lebih (Overweight)
15,1,138.4568443386251,62.67180195098223,Gizi Lebih (Overweight)
11,0,151.97381107138168,54.939381997983446,Normal (Ideal)
8,1,137.06208769868243,45.27902648942897,Normal (Ideal)
8,1,131.44781181075447,53.493250629458444,Gizi Lebih (Overweight)
14,1,149.27726769179782,56.614410137283954,Gizi Lebih (Overweight)
12,1,160.0370849973724,38.52699602744982,Gizi Kurang
10,0,137.88748455791213,34.67339027491241,Gizi Kurang
17,0,137.47115568783877,32.32578999928325,Gizi Kurang
15,0,130.28467961474854,31.236152665546967,Gizi Kurang
12,0,135.56034734891398,26.180046774068092,Gizi Kurang
14,1,156.2540911974528,42.49901709117727,Gizi Kurang
6,1,141.21594306040487,30.002471989118682,Gizi Kurang
12,0,127.92514008604567,32.16477815864618,Normal (Ideal)
11,1,143.93543570485494,47.01255559176727,Normal (Ideal)
15,1,155.7679101647906,41.816090662535096,Gizi Kurang
17,1,131.57171504678857,44.29624940633675,Gizi Lebih (Overweight)
14,0,120.07092170606654,53.65148761892081,Gizi Lebih (Overweight)
6,0,172.86237739809127,48.645299085407956,Gizi Kurang
9,0,119.3220597493513,55.18886581452663,Gizi Lebih (Overweight)
14,1,134.61466154216322,40.79976494778071,Normal (Ideal)
9,0,143.48192767788004,56.11790591312396,Gizi Lebih (Overweight)
15,0,135.91358448133562,43.5973676435746,Normal (Ideal)
8,0,138.87633733017472,41.687062610952026,Normal (Ideal)
14,0,148.65257251811892,54.615262062765034,Normal (Ideal)
7,0,104.1241751343081,31.278463208067052,Gizi Lebih (Overweight)
9,0,120.99658292714223,60.23600567542475,Gizi Lebih (Overweight)
11,1,140.66389079105494,37.17899979962714,Normal (Ideal)
7,1,133.93674482039586,27.81892028450678,Gizi Kurang
13,0,141.94116887413398,46.53501952055862,Normal (Ideal)
13,0,143.41479923946957,36.22678489881739,Gizi Kurang
6,1,108.26120006793512,60.258070919112505,Gizi Lebih (Overweight)
17,1,159.10460498227468,35.67099181214853,Gizi Kurang
8,0,132.52598175349476,43.14448917351962,Normal (Ideal)
15,0,127.0173022283599,25.744066845218967,Gizi Kurang
14,0,143.1253294393892,48.12914244897471,Normal (Ideal)
10,0,141.60740341673366,32.22609924141096,Gizi Kurang
11,1,157.95036226481957,46.93324690332601,Normal (Ideal)
9,0,144.07809744155026,35.71654760294138,Gizi Kurang
15,0,157.3716627203645,19.530653132772002,Gizi Kurang
7,0,125.92733936858441,41.31190090343883,Gizi Lebih (Overweight)
16,0,142.1279158281125,40.86428517078435,Normal (Ideal)
13,1,123.27878439012666,48.81071573622613,Gizi Lebih (Overweight)
16,1,141.46513783340419,55.56000571839204,Gizi Lebih (Overweight)
11,1,138.2856806659717,59.12409409916798,Gizi Lebih (Overweight)
10,0,137.64053862198645,48.64154213470886,Gizi Lebih (Overweight)
14,0,137.77208671457552,42.786191920659185,Normal (Ideal)
6,1,151.04584205276896,25.726664104845348,Gizi Kurang
10,0,115.88960514496131,42.02020936990007,Gizi Lebih (Overweight)
11,0,126.50318205823741,42.14940169938933,Gizi Lebih (Overweight)
10,1,139.39142259882237,38.01359740343972,Normal (Ideal)
11,1,122.32005365793125,46.329676506008084,Gizi Lebih (Overweight)
11,1,140.69171159301567,51.21905710982134,Gizi Lebih (Overweight)
12,1,139.23721218138388,31.815960694713162,Gizi Kurang
